﻿Name,Sex,Team,NOC,Year,Sport,Medal
Mete Gazoz,M,Turkey,TUR,2021,archery,Gold
Busenaz Surmeneli,F,Turkey,TUR,2021,boxing,Gold
Eray Samdan,M,Turkey,TUR,2021,karate,Silver
Buse Naz Cakiroglu,F,Turkey,TUR,2021,boxing,Silver
Hakan Recber,M,Turkey,TUR,2021,Taekwondo,Bronze
Hatice Kubra Ilgun,F,Turkey,TUR,2021,Taekwondo,Bronze
Ferhat Arican,M,Turkey,TUR,2021,gymnastics,Bronze
Riza Kayaalp,M,Turkey,TUR,2021,wrestling,Bronze
Yasemin Adar,F,Turkey,TUR,2021,wrestling,Bronze
Taha Akgul,M,Turkey,TUR,2021,wrestling,Bronze
Ali Sofuoglu,M,Turkey,TUR,2021,karate,Bronze
Merve Coban,F,Turkey,TUR,2021,karate,Bronze
Ugur Aktas,M,Turkey,TUR,2021,karate,Bronze